first name,last name,gender,device,screen width,screen height,pixel ratio,w1 result,w1 first time,w1 last time,w1 relunctance,w2 result,w2 first time,w2 last time,w2 relunctance,bs1 result,bs1 first time,bs1 last time,bs1 relunctance,bs2 result,bs2 first time,bs2 last time,bs2 relunctance,bsm1 result,bsm1 first time,bsm1 last time,bsm1 relunctance,bsm2 result,bsm2 first time,bsm2 last time,bsm2 relunctance,ss1 result,ss1 first time,ss1 last time,ss1 relunctance,ss2 result,ss2 first time,ss2 last time,ss2 relunctance,ssm1 result,ssm1 first time,ssm1 last time,ssm1 relunctance,ssm2 result,ssm2 first time,ssm2 last time,ssm2 relunctance
yan,zhang,n/a,phone,375,667,3,0,35786,35786,1,0,32582,32582,1,1,25610,25610,1,0,50770,50770,1,1,2186,2186,1,0,2058,2058,1,0,2075,2075,1,0,3947,3947,1,1,2005,2005,1,0,1615,1615,1
D,W,male,phone,375,667,2,1,52023,52023,1,1,50871,50871,1,1,28928,28928,1,1,24566,24566,1,1,17129,17129,1,0,34758,34758,1,1,20366,20366,1,1,19307,19307,1,1,13420,13420,1,1,9888,9888,1
Art,Paspanthong,male,phone,375,667,2,0,32923,54076,5,0,50716,50716,1,1,9966,9966,1,0,14685,14685,1,1,9360,13469,4,1,13942,13942,1,0,123975,123975,1,0,2664,6124,3,1,16362,16362,1,0,7772,7772,1
Nutchapol,Dendumrongsup,male,phone,360,640,4,0,-1512345149866.995,-1512345149866.995,1,0,-1512345160498.04,-1512345160498.04,1,1,-1512345290085.395,-1512345290085.395,1,1,-1512345308944.925,-1512345308944.925,1,1,-1512345372887.935,-1512345372887.935,1,1,-1512345383387.985,-1512345383387.985,1,1,-1512345437156.09,-1512345437156.09,1,1,-1512345492442.975,-1512345492442.975,1,1,-1512345527002.39,-1512345527002.39,1,0,-1512345526707.695,-1512345526707.695,1
Cat ,Xu ,female,phone,375,667,2,1,8928,8928,1,1,12404,14502,2,1,15443,15443,1,0,24754,24754,1,1,10504,10504,1,1,11552,11552,1,1,10018,10018,1,1,15101,15101,1,0,19272,19272,1,0,15185,15185,1
A,A,na,phone,320,568,2,1,13207,13207,1,0,73033,73033,1,1,12725,12725,1,1,30624,30624,1,1,52052,52052,1,1,31888,31888,1,1,46730,46730,1,1,26888,26888,1,1,15036,15036,1,1,25472,25472,1
Samuel,Chiang,male,phone,375,667,2,1,21963,21963,1,0,63047,63047,1,1,22803,22803,1,1,48340,48340,1,1,27921,27921,1,0,38888,38888,1,1,20922,20922,1,0,24860,24860,1,1,41807,41807,1,1,25085,25085,1
Jianing,Feng,male,phone,375,812,3,1,85634,85634,1,0,31686,31686,1,0,38740,38740,1,0,25700,25700,1,0,21589,21589,1,0,22637,22637,1,0,40236,40236,1,0,18195,18195,1,0,51306,51306,1,0,37586,37586,1
Shivaal,Roy,male,phone,375,667,2,1,69612,69612,1,1,300745,300745,1,1,20434,20434,1,0,101928,101928,1,1,20052,20052,1,1,19110,19110,1,1,22564,22564,1,1,16446,16446,1,1,32431,32431,1,0,18415,18415,1
Franklin,Jia,male,phone,412,732,3,1,-1512379702277.965,-1512379702277.965,1,1,-1512379670000.345,-1512379670000.345,1,1,-1512379760789.61,-1512379760789.61,1,0,-1512379840378.36,-1512379840378.36,1,1,-1512379901501.11,-1512379901501.11,1,1,-1512379913773.285,-1512379913773.285,1,1,-1512379932804.98,-1512379932804.98,1,0,-1512379903535.255,-1512379903535.255,5,1,-1512379973401.51,-1512379973401.51,1,0,-1512380011796.81,-1512380011796.81,1
Stephen,Ou,male,phone,414,736,3,1,-1512343917428,-1512343917428,1,1,-1512343818425.465,-1512343818425.465,1,1,-1512344151945.165,-1512344151945.165,1,1,-1512344120456.675,-1512344120456.675,1,1,-1512344239212.225,-1512344239212.225,1,1,-1512344272527.8,-1512344272527.8,1,1,-1512344271623.835,-1512344271623.835,1,1,-1512344328340.535,-1512344328340.535,1,1,-1512344303439.025,-1512344303439.025,1,1,-1512344395452.495,-1512344395452.495,1
Thomas 'swagswag',Lau,n/a,phone,412,846,3,1,-1512363215286.43,-1512363215286.43,1,1,-1512363235255.095,-1512363235255.095,1,0,-1512363292360.52,-1512363292360.52,1,1,-1512363310224.805,-1512363310224.805,1,1,-1512363322464.265,-1512363322464.265,1,0,-1512363376112.255,-1512363376112.255,1,1,-1512363386908.78,-1512363386908.78,1,1,-1512363383875.875,-1512363383875.875,1,1,-1512363409095.21,-1512363409095.21,1,0,-1512363425051.775,-1512363425051.775,1
